name,pdf_url,state,children_names
"Shri A.K.M
                                            Ashraf",http://www.niyamasabha.org/codes/15kla/Members%20profile%20mal/Ashraf%20A%20K%20M.pdf,Kerala,"Smt. Havvamma; Smt. Mariyam Fairooza
Children; Master Shamil
Master Shazil
Master Shahil
Master Shabil
Master Shakkil
Travels Abroad; Shri"
"Shri 
                                              N. A. Nellikkunnu",http://www.niyamasabha.org/codes/15kla/Members%20profile%20mal/nellikkunnu%20na.pdf,Kerala,"Shri Abdul Khader; Smt. Nabeesa; Smt. Aysha; Smt. Saheeka
Smt; Shri Sabbeer
Travels Abroad"
"Shri  C.H.
                                              Kunhambu",http://www.niyamasabha.org/codes/15kla/Members%20profile%20mal/Kunhambu%20C%20H.pdf,Kerala,"Smt. Kunhammar Amma; Smt. Sruthi
Travels Abroad; Shri Balakrishnan Periya; Shri"
"Shri 
                                              E. Chandrasekharan",http://www.niyamasabha.org/codes/15kla/Members%20profile%20mal/Chandrasekharan%20E.pdf,Kerala,"Smt. Edayillyam Parvathi Amma; Smt. Savithri; Smt. Neeli Chandran
Travels Abroad; Shri Balraj; Shri"
"Shri 
                                              M. Rajagopalan",http://www.niyamasabha.org/codes/15kla/Members%20profile%20mal/rajagopalan%20m.pdf,Kerala,Shri Sidharth; Shri Shibin; Shri
"Shri 
                                        T.I. Madhusoodanan",http://www.niyamasabha.org/codes/15kla/Members%20profile%20mal/Madhusoodhanan%20T%20I.pdf,Kerala,"Shri Kunhiraman; Smt. Sreevalsa; Kumari Niranjana
Travels Abroad"
"Shri  M.
                                              Vijin",http://www.niyamasabha.org/codes/15kla/Members%20profile%20mal/vijin%20m.pdf,Kerala,"Smt. Aswathi Sairaj
Children; Shri Arun Kaithapram; Shri"
"Shri
                                        M.V. Govindan Master",http://www.niyamasabha.org/codes/15kla/Members%20profile%20mal/Govindan%20Master%20M%20V.pdf,Kerala,"Shri Kunhambu; Smt. Madhavi Amma; Shri Syamjith; Shri Rangeeth
Travels Abroad"
"Shri
                                              Sajeev Joseph",http://www.niyamasabha.org/codes/15kla/Members%20profile%20mal/sajeev%20joseph.pdf,Kerala,"Smt. Chinnamma Joseph; Smt. Beauty Jacob
Children; Kumari Sona Sajeev
Travels Abroad; Shri Saji Kuttiyanimattam; Smt. Aniamma Teacher; Shri"
"Shri
                                        K.V. Sumesh",http://www.niyamasabha.org/codes/15kla/Members%20profile%20mal/sumesh%20kv.pdf,Kerala,"Smt. Omana; Smt. Renuka
Children; Kumari Alakananda
Baby Aarush Govind
Travels Abroad; Shri"
Shri  Ramachandran Kadannappalli,http://www.niyamasabha.org/codes/15kla/Members%20profile%20mal/ramachandran%20kadannappilly.pdf,Kerala,Smt. Saraswathi; Shri Midhun; Shri Ramachandran Kadannappalli; Shri Satheeshan Pacheni; Smt. Archana Vandichal; Shri
Shri  Pinarayi Vijayan,http://www.niyamasabha.org/codes/15kla/Members%20profile%20mal/pinarayi%20vijayan.pdf,Kerala,"Shri Maroli Koran; Smt. Alakkatt Kalyani; Smt. Kamala
Children; Shri Vivek Kiran
Travels Abroad; Shri Pinarayi Vijayan"
"Shri 
                                              A. N. Shamseer",http://www.niyamasabha.org/codes/15kla/Members%20profile%20mal/shamseer%20an.pdf,Kerala,"Shri Usman Komath; Master Ezaan Shamseer
Travels Abroad"
"Shri 
                                        K.P. Mohanan",http://www.niyamasabha.org/codes/15kla/Members%20profile%20mal/mohanan%20kp.pdf,Kerala,"Smt. Hemaja Mohanan
Children; Shri Ram Mohan
Smt; Smt. Ramila Mohan
Travels Abroad; Shri Pottankandi Abdulla; Shri; Former Minister"
"Smt.
                                              K.K. Shailaja Teacher",http://www.niyamasabha.org/codes/15kla/Members%20profile%20mal/shailaja%20teacher%20kk.pdf,Kerala,Master Children; Shri Sobith; Shri Lasith; Shri Illikkal Augusthy; Shri Biju Elakkuzhi; Shri
"Shri
                                              Sunny Joseph",http://www.niyamasabha.org/codes/15kla/Members%20profile%20mal/sunny%20joseph.pdf,Kerala,"Shri Joseph Vadakkekunnel; Smt. Rosakutty; Smt. Elsy Joseph; Smt. Asha Rose
 Dr; Smt. Smitha Jayamohan"
"Shri  O. R.
                                              Kelu",http://www.niyamasabha.org/codes/15kla/Members%20profile%20mal/Kelu%20O%20R.pdf,Kerala,Shri Raman; Smt. Santha; Kumari Midhuna; Kumari Bhavana; Shri Palliyara Mukundan
"Shri 
                                              I. C. Balakrishnan",http://www.niyamasabha.org/codes/15kla/Members%20profile%20mal/Balakrishnan%20I%20C.pdf,Kerala,"Shri Chandu; Smt. Meenakshy; Smt. Lakshmi
Children; Smt. Kavya Krishna
Kumari Arya Krishna
Kumari Abhina Krishna
Hobbies"
"Shri
                                              T. Siddiqu",http://www.niyamasabha.org/codes/15kla/Members%20profile%20mal/siddique%20t.pdf,Kerala,"Shri Kassim; Smt. Nafeesa; Smt. Sharafunnisa; Shri Adhil
Master Ashique
Master Zil Yesdan
Travels Abroad; Shri Oommen
Chandiyude Niyamasabha; Shri Subeesh"
"Smt.
                                              K. K.  Rema",http://www.niyamasabha.org/codes/15kla/Members%20profile%20mal/kk%20rema.pdf,Kerala,Shri Abhinand; Shri Manayath Chandran; Shri
"Shri K.P.
                                              Kunhammed Kutty Master",http://www.niyamasabha.org/codes/15kla/Members%20profile%20mal/Kunhammed%20kutty%20Master%20K%20P.pdf,Kerala,"Shri Moidu; Smt. Mariyam; Smt. Asya
Children; Shri Sherik Ahmed
Smt; Shri Shafeek Ahmed
Travels Abroad; Shri Parakkal Abdulla"
"Shri 
                                              E  K Vijayan",http://www.niyamasabha.org/codes/15kla/Members%20profile%20mal/vijayan%20ek.pdf,Kerala,Shri Arjun; Shri Ajay; Shri
"Smt. 
                                        Kanathil Jameela",http://www.niyamasabha.org/codes/15kla/Members%20profile%20mal/Kanathil%20Jameela.pdf,Kerala,"Shri Abdul Rahman
Children; Shri Ayreej Rahman
Smt; Smt. Kanathil Jameela; Shri"
"Shri 
                                              T. P. Ramakrishnan",http://www.niyamasabha.org/codes/15kla/Members%20profile%20mal/ramakrishnan%20tp.pdf,Kerala,Shri Sankaran; Smt. Manikyam; Shri Rajulal; Smt. Renjini
"Shri
                                        K.M. Sachindev",http://www.niyamasabha.org/codes/15kla/Members%20profile%20mal/sachindev%20km.pdf,Kerala,Shri Nanda Kumar; Smt. Sheeja; Smt. Arya Rajendran; Shri Dharmajan Bolgatty; Shri Libin Balussery
"Shri
                                        A.K. Saseendran",http://www.niyamasabha.org/codes/15kla/Members%20profile%20mal/saseendran%20ak.pdf,Kerala,"Smt. Anitha Krishnan; Shri Varun Saseendran
Travels Abroad; Shri Zulphikar Mayoori; Shri"
"Shri
                                              Thottathil Raveendran",http://www.niyamasabha.org/codes/15kla/Members%20profile%20mal/thottathil%20raveendran.pdf,Kerala,Smt. Thottathil Janaki Amma; Shri Thottathil Ravindran; Shri
"Shri
                                        Ahammad Devarkovil",http://www.niyamasabha.org/codes/15kla/Members%20profile%20mal/Ahammed%20Devarkovil.pdf,Kerala,"Shri Oruvayil Valappan Moosa; Smt. Mariyam; Smt. Sabira Ahammad
Children; Smt. Thajuna Shervin
Shri Shefee Monis Ahammad
Smt; Shri Ahammad Devarkovil; Smt. Navya Haridas"
"Shri
                                              P.A. Mohamed Riyas",http://www.niyamasabha.org/codes/15kla/Members%20profile%20mal/muhammed%20riyap%20pp.pdf,Kerala,"Smt. Veena; Master Aamil
Master Ayaan
Hobbies; Shri"
"Shri 
                                              P. T. A. Rahim",http://www.niyamasabha.org/codes/15kla/Members%20profile%20mal/rahim%20pta.pdf,Kerala,"Shri Ismailkutty Haji; Smt. Ayisha; Smt. Subaida
Children; Shri Muhammed Ismail Shabeer
Smt; Smt. Aysha Shabja
Travels Abroad; Shri Dinesh Perumanna"
Dr. M. K. Muneer,http://www.niyamasabha.org/codes/15kla/Members%20profile%20mal/muneer%20mk.pdf,Kerala,"Smt. Amina Mohammed Koya; Smt. Nafeesa Vineetha
Children; Shri Mohammad Minnah
Kumari Amina Fathima Maliha
Travels Abroad; Shri Karat Razack; Shri; Former Chief Minister"
"Shri 
                                        Linto Joseph",http://www.niyamasabha.org/codes/15kla/Members%20profile%20mal/Linto%20Joseph.pdf,Kerala,Shri Joseph Mathew; Smt. Annamma; Smt. Anusha; Shri Linto Joseph; Shri Baby Ambattu
"Shri 
                                              T. V.  Ibrahim",http://www.niyamasabha.org/codes/15kla/Members%20profile%20mal/Ibrahim%20T%20V.pdf,Kerala,"Smt. Ithikkutty; Smt. Sareena
Children; Shri Muhammad Jaseem
Shri Anshid Nuaman
Kumari Aadhila Bhanu
Travels Abroad; Shri Kattuparuthy Sulaiman Haji; Smt. Sheeba Unnikrishnan; Shri"
"Shri
                                              P. K. Basheer",http://www.niyamasabha.org/codes/15kla/Members%20profile%20mal/Basheer%20P%20K.pdf,Kerala,"Smt. Fathima Seethi; Smt. Raziya Basheer
Children; Smt. Jihan Harid
Smt; Shri Sajin Seethi
Travels Abroad; Shri; Ex"
"Shri 
                                              P. V. Anvar",http://www.niyamasabha.org/codes/15kla/Members%20profile%20mal/Anvar%20P%20V.pdf,Kerala,"Smt. Mariyumma; Smt. Sheeja Afsath; Smt. Sherin
Smt; Shri Risvan
Kumari Fathima
Master Mishab
Travels Abroad; Shri"
"Shri 
                                              A. P. Anil Kumar",http://www.niyamasabha.org/codes/15kla/Members%20profile%20mal/Anilkumar%20A%20P.pdf,Kerala,"Smt. Praseeja; Shri Arjun
Shri Amal
Hobbies; Smt. Mithuna; Shri"
"Shri
                                        U.A. Latheef",http://www.niyamasabha.org/codes/15kla/Members%20profile%20mal/Latheef%20U%20A.pdf,Kerala,Shri Muhammed Haji; Smt. Mariyumma Teacher; Shri Nazar Debona
"Shri 
                                        Najeeb Kanthapuram",http://www.niyamasabha.org/codes/15kla/Members%20profile%20mal/najeeb%20kanthapuram.pdf,Kerala,"Shri Muhammad; Smt. Kadeeja; Smt. Thahira
Children; Shri Aju Muhammad
Shri Rizu Muhammad
Shri Ishan Muhammad; Shri Najeeb Kanthapuram; Smt. Suchithra"
"Shri 
                                        Manjalamkuzhi  Ali",http://www.niyamasabha.org/codes/15kla/Members%20profile%20mal/Manjalamkuzhi%20Ali.pdf,Kerala,"Shri Mohamed; Smt. Aysha; Smt. Raziya
Children; Shri Amjad Ali
Smt; Smt. Ameena Shahzad
Shri Muhammad Arif Ali
Travels Abroad; Shri Manjalamkuzhi Ali"
"Shri 
                                              P. Ubaidulla",http://www.niyamasabha.org/codes/15kla/Members%20profile%20mal/ubaidullah%20p.pdf,Kerala,"Shri Ahamed Kutty Master; Smt. Zainaba; Smt. Hafsath
Children; Shri Nasrul Ameen; Smt. Najla Fousi; Shri Naseef Aslam; Master Nabhan Ahammed; Shri Paloli Abdurahiman; Shri Areekkad Sethumadhavan"
"Shri  P K.
                                              Kunhalikkutty",http://www.niyamasabha.org/codes/15kla/Members%20profile%20mal/Kunhalikutty%20P%20K.pdf,Kerala,"Shri Mohammed Haji; Smt. Lasitha Sulfeeq
Travels Abroad; Shri Sabah Kundupuzhakkal"
"Shri 
                                              P. Abdul Hameed",http://www.niyamasabha.org/codes/15kla/Members%20profile%20mal/Abdul%20Hameed%20P.pdf,Kerala,"Shri Puliyakkuthu Kunjalu Master; Smt. Pathumma; Smt. Rasheeda
Children; Smt. Sheharban; Smt. Shahida; Smt. Shafna
Travels Abroad; Shri Abdul Hameed Master; Shri Peethambaran Palat"
"Shri 
                                        K.P.A. Majeed",http://www.niyamasabha.org/codes/15kla/Members%20profile%20mal/Majeed%20K%20P%20A.pdf,Kerala,"Shri Ahammad; Smt. Kadeeja; Smt. Shajna
Smt; Smt. Sabna
Smt; Shri Niyas Pulikkalakath; Shri Kalliyath Sathar Haji"
"Shri 
                                              V. Abdurahiman",http://www.niyamasabha.org/codes/15kla/Members%20profile%20mal/Abdurahiman%20V.pdf,Kerala,"Shri Vellekkatt Muhammed Hamza; Smt. Nediyil
Kadheeja; Smt. Zajitha Abdul Rahman
Children; Smt. Riswana Shirin; Shri Ahamed
Aman Sanjeeth; Kumari Nihala Naval
Travels Abroad"
"Shri Kurukkoli
                                              Moideen",http://www.niyamasabha.org/codes/15kla/Members%20profile%20mal/kurukkoli%20moideen.pdf,Kerala,"Shri Kunhalan; Smt. Kunhipathu; Smt. Nafeesa
Children; Smt. Khamarunnisa Hafsath
Smt; Smt. Noorunisa Raihanath
Smt; Shri Muhiyuddin Muhammed Jowhar
Smt; Shri Kurukkoli Moideen"
Prof.Abid Hussain Thangal,http://www.niyamasabha.org/codes/15kla/Members%20profile%20mal/Abid%20Hussain%20Thangal.pdf,Kerala,"Smt. Ummachutty; Smt. Sulaikha Abid
Children; Smt. Aysha Lubna; Smt. Fathima Hanan; Shri; Smt"
"DR.
                                              K. T. Jaleel",http://www.niyamasabha.org/codes/15kla/Members%20profile%20mal/Jaleel%20K%20T.pdf,Kerala,"Smt. Parayil Nafeesa; Smt. Fathimakkutty; Shri Muhammed Farooq
Smt; Shri Firoz Kunnumparambil; Shri Ramesh Kottayapurath; Shri"
"Shri 
                                              P. Nandakumar",http://www.niyamasabha.org/codes/15kla/Members%20profile%20mal/nandakumar%20p.pdf,Kerala,Shri Krishnan Nair; Smt. Devaki Amma; Smt. Sarojini; Shri Subrahmanyan Chunkappallil
"Shri M.B.
                                              Rajesh",http://www.niyamasabha.org/codes/15kla/Members%20profile%20mal/rajesh%20mb.pdf,Kerala,"Shri Balakrishnan Nair; Kumari Priyadatha
Kumari Niranjana
Travels Abroad"
"Shri  Muhammed Muhassin
                                            P",http://www.niyamasabha.org/codes/15kla/Members%20profile%20mal/muhammed%20muhassin.pdf,Kerala,"Shri Aboobacker; Smt. Jameela Beegam; Smt. Shafaq Kazim
Children; Shri Muhammed Muhassin; Shri Riyas Mukkoli"
"Shri P.
                                        Mammikutty",http://www.niyamasabha.org/codes/15kla/Members%20profile%20mal/Mammykutti%20P.pdf,Kerala,Shri Muhamad; Smt. Amina; Smt. Shabina; Smt. Shaniba; Shri Firoz Babu; Shri Sandeep Varier
"Shri
                                              K. Premkumar",http://www.niyamasabha.org/codes/15kla/Members%20profile%20mal/premkumar%20k.pdf,Kerala,"Kumari Arya; Master Azad
Travels Abroad; Shri"
"Smt.
                                        Santhakumari. K",http://www.niyamasabha.org/codes/15kla/Members%20profile%20mal/santhakumari%20k.pdf,Kerala,"Shri Kuttiraman; Smt. Kunchi; Shri Madhavan
Children; Shri Midhun Shanth
Master Syam Madhav
Travels Abroad; Smt. Santhakumari; Shri Suresh Babu"
"Shri 
                                              N. Samsudheen",http://www.niyamasabha.org/codes/15kla/Members%20profile%20mal/samsudeen%20n.pdf,Kerala,Smt. Rafitha; Smt. Sheharzad; Smt. Agali Naseema; Shri
"Shri 
                                              A. Prabhakaran",http://www.niyamasabha.org/codes/15kla/Members%20profile%20mal/prabhakaran%20a.pdf,Kerala,Shri Appukuttan; Smt. Kalukkutty; Shri Krishnakumar
"Shri  Shafi
                                              Parambil",http://www.niyamasabha.org/codes/15kla/Members%20profile%20mal/shafi%20parambil.pdf,Kerala,"Shri Shanavas; Smt. Maimoona; Smt. Asheela Ali
Children; Kumari Duaa Mehak
Travels Abroad; Shri Shafi Parambil"
"Shri 
                                              P.P. Sumod",http://www.niyamasabha.org/codes/15kla/Members%20profile%20mal/sumod%20pp.pdf,Kerala,"Shri Krishnankutty; Smt. Lakshmi; Smt. Dhanya
Children; Master Ithihas
Baby Manas; Shri Jayaprakasan"
"Shri 
                                              K. Krishnankutty",http://www.niyamasabha.org/codes/15kla/Members%20profile%20mal/Krishnankutty%20K.pdf,Kerala,"Shri Kunjukutty; Smt. Janaki; Smt. Vilasini
Children; Smt. Latha; Shri Narayanankutty; Shri Ajayan; Shri Biju"
"Shri 
                                              K. Babu",http://www.niyamasabha.org/codes/15kla/Members%20profile%20mal/Babu%20K-%20Nenmara.pdf,Kerala,"Smt. Lakshmi; Smt. Rosha; Master Adhithyan
Hobbies; Shri Anurag; Shri"
"Shri  K. D.
                                              Prasenan",http://www.niyamasabha.org/codes/15kla/Members%20profile%20mal/prasenan%20kd.pdf,Kerala,"Smt. Shamini
Children; Shri Thejus Krishnan; Master Chethas Krishnan; Shri Palayam Pradeep; Shri Prasanth Sivan; Shri"
"Shri  K
                                              Radhakrishnan",http://www.niyamasabha.org/codes/15kla/Members%20profile%20mal/Radhakrishnan%20k.pdf,Kerala,Smt. Chinna; Master Trainee; Shri Shajumon Vattekkad; Shri
"Shri  A. C
                                              Moideen",http://www.niyamasabha.org/codes/15kla/Members%20profile%20mal/moideen%20ac.pdf,Kerala,Shri Chiyyamu; Smt. Fathima Beevi; Smt. Usaiba Beevi
"Shri 
                                              N. K. Akbar",http://www.niyamasabha.org/codes/15kla/Members%20profile%20mal/Akbar%20N%20K.pdf,Kerala,
"Shri  Murali
                                              Perunelly",http://www.niyamasabha.org/codes/15kla/Members%20profile%20mal/murali%20perunelli.pdf,Kerala,"Smt. Mallika
Children; Smt. Reshma Perunelly
Hobbies; Shri Murali Perunelly; Shri Vijay Hari; Shri; Smt"
"Shri 
                                              Xavier Chittilappilly",http://www.niyamasabha.org/codes/15kla/Members%20profile%20mal/xavier%20chittilappilly.pdf,Kerala,Shri Alleshu; Smt. Adheena; Smt. Jisha; Master Edwin; Master Darwin; Shri Xavier Chittilappilly; Shri Anil Akkara
"Shri 
                                              K.  Rajan",http://www.niyamasabha.org/codes/15kla/Members%20profile%20mal/rajan%20k.pdf,Kerala,Smt. Anupama; Shri Jose Valloor; Shri
"Shri 
                                              P. Balachandran",http://www.niyamasabha.org/codes/15kla/Members%20profile%20mal/Balachandran%20P.pdf,Kerala,"Shri Krishnan Nair; Smt. Janakiyamma; Smt. Sujatha; Shri Akhil Krishna
Shri Aravind Krishna
Hobbies; Smt. Padmaja Venugopal; Shri Suresh Gopi"
"Shri
                                              C.C. Mukundan",http://www.niyamasabha.org/codes/15kla/Members%20profile%20mal/mukundan%20cc.pdf,Kerala,Shri Chendhan; Smt. Kaali; Smt. Radhika; Smt. Ninu; Smt. Nipa; Shri Lojanan Ambatt
"Shri 
                                              E. T. Taison Master",http://www.niyamasabha.org/codes/15kla/Members%20profile%20mal/taison%20master%20et.pdf,Kerala,"Smt. Anasthassia Thomas; Smt. Sunitha Jose; Shri Ajin Thomas
Shri Aashin Taison
Travels Abroad; Shri Sobha Subin"
DR. R. Bindu,http://www.niyamasabha.org/codes/15kla/Members%20profile%20mal/DR.%20Bindu%20R.pdf,Kerala,Shri Harikrishnan; Shri
"Shri 
                                              K.K. Ramachandran",http://www.niyamasabha.org/codes/15kla/Members%20profile%20mal/ramachandran%20kk.pdf,Kerala,"Shri Kumaran; Smt. Devaki; Smt. Subi Ramachandran
Children; Shri Azad Chandrabose
Shri Ajay Ramlal; Shri Sunil Anthikkad"
"Shri 
                                        Saneeshkumar Joseph",http://www.niyamasabha.org/codes/15kla/Members%20profile%20mal/saneesh%20kumar%20joseph.pdf,Kerala,"Shri Joseph; Smt. Mary; Smt. Jinsi; Kumari Sera Mary
Baby Norah; Shri Saneeshkumar Joseph; Shri Dennies; Shri Unnikrishnan"
"Shri 
                                              V. R. Sunil Kumar",http://www.niyamasabha.org/codes/15kla/Members%20profile%20mal/sunilkumar%20vr.pdf,Kerala,Smt. Sreebha; Shri Salvador; Master Salveor; Shri Santhosh Cherakkulam; Shri; Former Minister
"Shri 
                                        Eldose P. Kunnapillil",http://www.niyamasabha.org/codes/15kla/Members%20profile%20mal/Eldose%20P%20Kunnippillil.pdf,Kerala,"Smt. Mary Paulose; Smt. Mariamma Abraham
Children; Kumari Sara Mary Eldose
Master Sebastian; Master Samual; Shri Babu Joseph Perumbavoor; Smt. Chithra Sukumaran; Shri"
"Shri 
                                        Roji M. John",http://www.niyamasabha.org/codes/15kla/Members%20profile%20mal/roji%20m%20john.pdf,Kerala,Shri John; Smt. Elsamma John; Shri Roji
"Shri  Anwar
                                              Sadath",http://www.niyamasabha.org/codes/15kla/Members%20profile%20mal/Anwar%20Sadath.pdf,Kerala,"Shri Abdul Sathar; Smt. Aisha Beevi; Smt. Sabeena Sadath
Children; Kumari Simi Fathima; Kumari Safa Fathima; Shri Anwar Sadath"
"Shri 
                                              P. Rajeeve",http://www.niyamasabha.org/codes/15kla/Members%20profile%20mal/rajeeve%20p.pdf,Kerala,"Smt. Radha Vasudevan; Kumari Hridhya Rajeev
Kumari Haritha Rajeev
Travels Abroad; Shri"
"Shri 
                                              V. D. Satheesan",http://www.niyamasabha.org/codes/15kla/Members%20profile%20mal/satheesan%20vd.pdf,Kerala,Kumari Unnimaya; Shri
"Shri 
                                        K.N. Unnikrishnan",http://www.niyamasabha.org/codes/15kla/Members%20profile%20mal/unnikrishnan%20kn.pdf,Kerala,"Shri Appu Narayanan; Smt. Madhavi; Smt. Ambika
Children; Smt. Remya Unnikrishnan
Smt; Shri Deepak Joy"
"Shri 
                                              K. J.  Maxy",http://www.niyamasabha.org/codes/15kla/Members%20profile%20mal/Maxy%20K%20J.pdf,Kerala,"Smt. Agnes; Smt. Sheela Maxy; Shri George Sone
Hobbies; Shri Tony Chammany; Smt. Shiny Antony; Shri"
"Shri 
                                              K. Babu",http://www.niyamasabha.org/codes/15kla/Members%20profile%20mal/Babu%20K-%20Tri.pdf,Kerala,"Smt. Ponnamma; Smt. Geetha
Children; Smt. Athira
Smt; Shri"
Shri T J Vinod,http://www.niyamasabha.org/codes/15kla/Members%20profile%20mal/vinod%20tj.pdf,Kerala,"Smt. Celin Joseph; Smt. Shimitha Vinod
Children; Smt. Sneha Vinod
Shri Varun Vinod
Travels Abroad; Shri Shaji George Pranatha; Smt. Padmaja; Shri"
"Shri 
                                              P. T. Thomas",http://www.niyamasabha.org/codes/15kla/Members%20profile%20mal/thomas%20pt.pdf,Kerala,"Smt. Annamma; Smt. Uma Thomas; Shri Vivek Thomas
Voting Results
Electorate; Shri"
"Smt.
                                        Uma Thomas",http://www.niyamasabha.org/codes/15kla/Members%20profile%20mal/uma%20thomas.pdf,Kerala,Smt. Thankam Hariharan; Shri Vivek Thomas; Smt. Uma Thomas; Shri
"Shri
                                              P. V. Sreenijin",http://www.niyamasabha.org/codes/15kla/Members%20profile%20mal/sreenijin%20pv.pdf,Kerala,Smt. Sreemathy Vasu; Smt. Sony; Kumari Keerthana; Kumari Hrithika; Shri
"Shri
                                              Anoop Jacob",http://www.niyamasabha.org/codes/15kla/Members%20profile%20mal/Anoob%20Jacob.pdf,Kerala,"Smt. Annie Jacob; Smt. Anila Mary Geevarghese
Children; Master Jacob
Kumari Lyrah
Travels Abroad; Shri Anoop Jacob; Shri; Former Minister"
"DR.
                                              Mathew Kuzhalnadan",http://www.niyamasabha.org/codes/15kla/Members%20profile%20mal/Mathew%20Kuzhalnadan.pdf,Kerala,Smt. Mary Abraham; Shri Eldho Abraham; Shri
"Shri 
                                        Antony John",http://www.niyamasabha.org/codes/15kla/Members%20profile%20mal/Antony%20John.pdf,Kerala,"Shri Johny; Smt. Lilly Johny; Smt. Stephy George
Children; Shri Antony John; Shri Shibu Thekkumpuram"
"Shri
                                              A. Raja",http://www.niyamasabha.org/codes/15kla/Members%20profile%20mal/raja%20a.pdf,Kerala,"Shri Anthony; Smt. Easwari; Smt. Shyni Priya
Children; Shri Ganeshan"
"Shri  M. M.
                                              Mani",http://www.niyamasabha.org/codes/15kla/Members%20profile%20mal/Mani%20M%20M.pdf,Kerala,"Shri Madhavan; Smt. Janaki; Smt. Lakshmikutty
Children; Smt. Sathi
Smt; Smt. Syamala
Smt; Smt. Sreeja
Travels Abroad; Shri Santhosh Madhavan"
"Shri 
                                              P. J. Joseph",http://www.niyamasabha.org/codes/15kla/Members%20profile%20mal/Joseph%20P%20J.pdf,Kerala,"Smt. Annamma; Shri Apu John Joseph
Dr; Shri Antony Joseph
Shri Joe Joseph
Travels Abroad; Shri Shyamraj; Shri"
"Shri 
                                        Roshy Augustine",http://www.niyamasabha.org/codes/15kla/Members%20profile%20mal/Roshi%20Augustine.pdf,Kerala,"Smt. Leelamma Augustine; Smt. Rani Thomas
Children; Kumari Ann Maria Roshy
Kumari Angel Maria Roshy
Master Augustine Roshy
Travels Abroad; Shri Roshy Augustine; Shri"
"Shri 
                                        Vazhoor Soman",http://www.niyamasabha.org/codes/15kla/Members%20profile%20mal/vazhoor%20soman.pdf,Kerala,"Shri Kunjupappan; Smt. Parvathi; Smt. Bindhu Soman
Children; Shri Sobin Soman
Shri Sobith Soman; Shri Vazhoor Soman; Shri Sreenagari Rajan"
"Shri
                                              Mani C. Kappan",http://www.niyamasabha.org/codes/15kla/Members%20profile%20mal/Mani%20C%20Kappan.pdf,Kerala,"Shri Cheriyan; Smt. Thresiamma Cheriyan; Smt. Alice Mani Kappan
Children; Shri Cherian Mani Kappan
Smt; Smt. Deepa Mani Kappan
Travels Abroad; Shri Mani; Shri Jose; Smt. Prameela Devi"
"Shri 
                                        Mons Joseph",http://www.niyamasabha.org/codes/15kla/Members%20profile%20mal/mons%20joseph.pdf,Kerala,"Smt. Mariamma Joseph; Smt. Sonia Jose
Children; Kumari Mereena Mons
Travels Abroad; Shri Stephen George; Shri Ligin Lal; Shri"
Smt. C. K Asha,http://www.niyamasabha.org/codes/15kla/Members%20profile%20mal/Asha%20C%20K.pdf,Kerala,Smt. Bhasurangi; Smt. Ajitha Sabu; Shri
"Shri 
                                        V.N. Vasavan",http://www.niyamasabha.org/codes/15kla/Members%20profile%20mal/vasavan%20vn.pdf,Kerala,"Shri Narayanan; Smt. Karthyayani; Smt. Hima Vasavan
Kumari Greeshma Vasavan
Hobbies"
"Shri 
                                        Thiruvanchoor Radhakrishnan",http://www.niyamasabha.org/codes/15kla/Members%20profile%20mal/thiruvanchoor%20radhakrishnan.pdf,Kerala,"Smt. Gowrikutty Amma; Smt. Lalithambika Radhakrishnan
Children; Shri Arjun Radhakrishnan
Smt; Shri Thiruvanchoor; Smt. Minerva Mohan; Shri"
"Shri 
                                        Oommen Chandy",http://www.niyamasabha.org/codes/15kla/Members%20profile%20mal/oommen%20chandy.pdf,Kerala,"Smt. Baby Chandy; Smt. Mariamma Oommen
Children; Smt. Maria Oommen
Smt; Shri Chandy Oommen
Travels Abroad; Shri Oommen Chandy; Shri Jaick; Shri"
"Shri
                                              Job Maichil",http://www.niyamasabha.org/codes/15kla/Members%20profile%20mal/Job%20Michael.pdf,Kerala,"Shri Thomas Maichil; Smt. Thressiamma Thomas; Smt. Gigi Elizabath Job
Children; Shri Maichil Job
Shri Aju; Kumari Amala Treesa Job
Travels Abroad"
"DR.
                                              N. Jayaraj",http://www.niyamasabha.org/codes/15kla/Members%20profile%20mal/DR%20Jayaraj%20N.pdf,Kerala,Kumari Parvathy; Shri Joseph Vazhackan; Shri Alphons Kannanthanam; Prof; Former Minister
"Shri
                                              Sebastian Kulathunkal",http://www.niyamasabha.org/codes/15kla/Members%20profile%20mal/sebastian%20kulathunkal.pdf,Kerala,"Smt. Chinnamma Mathew; Smt. Marykutty Sebastian; Kumari Ann Milia
Kumari Aleesha Elsa
Kumari Aleena Mary
Travels Abroad; Shri"
Smt. Daleema,http://www.niyamasabha.org/codes/15kla/Members%20profile%20mal/Daleema.pdf,Kerala,"Shri John; Smt. Ammini; Shri George Joseph
Children; Shri Ken Jojo
Kumari Ardra Jojo
Travels Abroad; Smt. Daleema; Shri Aniyappan"
"Shri 
                                              P. Prasad",http://www.niyamasabha.org/codes/15kla/Members%20profile%20mal/prasad%20p.pdf,Kerala,"Smt. Gomathi Amma; Smt. Laina; Master Bhagath Prasad
Kumari Aruna Almithra
Travels Abroad; Shri"
"Shri
                                              P.P. Chitharanjan",http://www.niyamasabha.org/codes/15kla/Members%20profile%20mal/Chitharanjan%20P%20P.pdf,Kerala,Shri Pankajakshan; Smt. Kanakamma; Smt. Jayasree; Shri Arun; Smt. Aiswarya; Shri Sandeep Vachaspati
"Shri H.
                                              Salam",http://www.niyamasabha.org/codes/15kla/Members%20profile%20mal/salam%20h.pdf,Kerala,"Shri Hyder; Smt. Beevi; Smt. Nishath Muhammad
Children; Shri Roshan
Kumari Riyana
Travels Abroad; Shri Anoop Antony"
"Shri
                                        Thomas K Thomas",http://www.niyamasabha.org/codes/15kla/Members%20profile%20mal/thomas%20k%20thomas.pdf,Kerala,"Smt. Aliamma Thomas; Smt. Annamma Mathew
Children; Smt. Tintu Elilzabeth; Shri Thomas; Shri Thampi Mettuthara; Shri"
"Shri 
                                        Ramesh Chennithala",http://www.niyamasabha.org/codes/15kla/Members%20profile%20mal/ramesh%20chennithala.pdf,Kerala,Smt. Devaki Amma; Shri Ramith Chennithala; Shri Ramesh Chennithala; Shri
"Smt.
                                            U. Prathibha",http://www.niyamasabha.org/codes/15kla/Members%20profile%20mal/prathibha%20u.pdf,Kerala,Master Kaniv; Smt. Aritha Babu; Shri Pradeeplal; Shri
"Shri 
                                        M.S Arun Kumar",http://www.niyamasabha.org/codes/15kla/Members%20profile%20mal/Aunkumar%20M%20S.pdf,Kerala,"Smt. Vilasini Sundaradas; Smt. Sneha Suresh
Children; Kumari Aleida Arun
Hobbies; Shri"
"Shri
                                              Saji Cherian",http://www.niyamasabha.org/codes/15kla/Members%20profile%20mal/saji%20cheriyan.pdf,Kerala,"Smt. Christeena; Kumari Sravya
Travels Abroad; Shri Saji Cheriyan; Shri"
"Shri 
                                              Mathew. T. Thomas",http://www.niyamasabha.org/codes/15kla/Members%20profile%20mal/Mathew%20T%20Thomas.pdf,Kerala,"Smt. Annamma Thomas; Smt. Achu Anna Mathew
Kumari Ammu Thankam Mathew
Travels Abroad; Shri Kunju Koshy Paul; Shri Ashokan Kulanada; Rev"
"Shri
                                              Pramod Narayan",http://www.niyamasabha.org/codes/15kla/Members%20profile%20mal/pramod%20narayanan.pdf,Kerala,"Smt. Jyothi Balakrishnan
Children; Shri Rinku Cherian; Kumari Prarthana Narayan
Master Pranav Narayan; Shri"
"Smt.
                                              Veena George",http://www.niyamasabha.org/codes/15kla/Members%20profile%20mal/veena%20george.pdf,Kerala,"Smt. Rosamma Kuriakose; Kumari Anna George
Master Joseph George
Travels Abroad; Smt. Veena George; Shri Biju Mathew; Adv"
"Shri.
                                              K U Jenish Kumar",http://www.niyamasabha.org/codes/15kla/Members%20profile%20mal/Jeneesh%20Kumar%20K%20U.pdf,Kerala,"Shri Uthaman; Smt. Vijayamma; Smt. Anumol; Kumari Asifa Anu Jenish
Master Nripan; Shri Robin Peter"
"Shri 
                                        Chittayam Gopakumar",http://www.niyamasabha.org/codes/15kla/Members%20profile%20mal/Chittayam%20Gopakumar.pdf,Kerala,Kumari Amrutha; Kumari Anuja; Shri Chittayam Gopakumar; Shri
"Shri  C.R.
                                              Mahesh",http://www.niyamasabha.org/codes/15kla/Members%20profile%20mal/Mahesh%20C%20R.pdf,Kerala,"Shri Rajasekharan; Smt. Lakshmikutty Amma; Smt. Gayathri
Children; Master Manikanton
Kumari Mahalekshmi
Baby Mayalekshmi
Travels Abroad; Smt. Bitty Sudheer"
"DR.Sujith
                                        Vijayanpillai",http://www.niyamasabha.org/codes/15kla/Members%20profile%20mal/sujith%20vijayanpillai.pdf,Kerala,"Smt. Parvathipillai
Children; Master Rishikesh Narayanan
Travels Abroad; Shri Shibu Baby John; Shri Vivek Gopan; Shri; Former"
"Shri  Kovoor 
                                            Kunjumon",http://www.niyamasabha.org/codes/15kla/Members%20profile%20mal/Kovoor%20Kunjumon.pdf,Kerala,Shri Podiyan; Shri Kovoor Kunjumon; Shri Ullas Kovoor; Smt. Raji Prasad
"Shri
                                        K.N. Balagopal",http://www.niyamasabha.org/codes/15kla/Members%20profile%20mal/Balagopal%20K%20N.pdf,Kerala,"Smt. Asha Prabhakaran
Children; Shri"
"Shri 
                                              K. B. Ganesh Kumar",http://www.niyamasabha.org/codes/15kla/Members%20profile%20mal/Ganeshkumar%20K%20B.pdf,Kerala,"Smt. Valsala
Balakrishna Pillai; Smt. Bindu Ganeshkumar
Children; Shri Aadithya Krishnan Thampi
Shri Rahul Nair
 Master Devaraman
Travels Abroad; Shri Jyothikumar Chamakkala; Shri; Former Minister"
"Shri 
                                              P.S. Supal",http://www.niyamasabha.org/codes/15kla/Members%20profile%20mal/supal%20ps.pdf,Kerala,Smt. Reena; Kumari Devi Nileena; Kumari Devi Niranjana; Shri Abdurahiman Randathani; Shri Ayoor Murali; Shri
"Smt 
                                              J. Chinchurani",http://www.niyamasabha.org/codes/15kla/Members%20profile%20mal/Chinchurani%20J.pdf,Kerala,"Smt. Jagadamma; Shri Nandu Sukeshan
Kumari Nandana Rani
Hobbies; Shri Vishnu Pattathanam; Shri"
"Shri  P.C.
                                              Vishnunadh",http://www.niyamasabha.org/codes/15kla/Members%20profile%20mal/Vishnunath%20PC.pdf,Kerala,"Smt. Leela; Smt. Kanakahama Vishnunadh
Children; Kumari Annapoorneswari Devi; Smt. Vanaja Vidyadharan; Shri"
"Shri  M.
                                              Mukesh",http://www.niyamasabha.org/codes/15kla/Members%20profile%20mal/mukesh%20m.pdf,Kerala,"Smt. Vijaya Kumari; Smt. Methil Devika
Children; Shri Sravan Mukesh
Shri Thejas Mukesh
Travels Abroad; Shri Sunil; Shri"
"Shri 
                                              M.  Noushad",http://www.niyamasabha.org/codes/15kla/Members%20profile%20mal/noushad%20m.pdf,Kerala,Shri Muhammed Haneefa; Smt. Khadeeja Beevi; Smt. Binnimol; Shri Sharun; Master Irfan; Shri Babudivakaran; Shri Renjith Ravindran
"Shri 
                                              G. S. Jayalal",http://www.niyamasabha.org/codes/15kla/Members%20profile%20mal/Jayalal%20G%20S.pdf,Kerala,Smt. Ardra; Shri Adwaith Krishna; Shri
"Shri
                                              V. Joy",http://www.niyamasabha.org/codes/15kla/Members%20profile%20mal/Joy%20V.pdf,Kerala,"Kumari Aarya
Kumari Aarsha
Hobbies; Shri Aji; Shri"
"Smt. 
                                              O. S. Ambika",http://www.niyamasabha.org/codes/15kla/Members%20profile%20mal/Ambika%20O%20S.pdf,Kerala,Shri Sukumaran; Smt. Omana
"Shri 
                                              V. Sasi",http://www.niyamasabha.org/codes/15kla/Members%20profile%20mal/sasi%20v.pdf,Kerala,Shri Rakesh; Smt. Reshma; Smt. Ashanath; Shri
"Shri 
                                        G.R. Anil",http://www.niyamasabha.org/codes/15kla/Members%20profile%20mal/Anil%20G%20R.pdf,Kerala,Kumari Devika; Shri
"Shri 
                                              D. K.  Murali",http://www.niyamasabha.org/codes/15kla/Members%20profile%20mal/murali%20dk.pdf,Kerala,"Shri Bala Murali
Shri Hari Murali
Hobbies; Shri Anad Jayan; Shri Thazhava Sahadevan; Shri"
Shri  Kadakampally Surendran,http://www.niyamasabha.org/codes/15kla/Members%20profile%20mal/kadakampally%20surendran.pdf,Kerala,"Smt. Bhagavathikutty; Shri Arun Surendran
Shri Anoop Surendran
Travels Abroad; Shri Kadakampally Surendran; Smt. Sobha Surendran; Shri"
"Shri
                                              V K Prasanth",http://www.niyamasabha.org/codes/15kla/Members%20profile%20mal/prasanth%20vk.pdf,Kerala,Master Aryan; Kumari Aliya; Shri
"Shri
                                              Antony Raju",http://www.niyamasabha.org/codes/15kla/Members%20profile%20mal/Antony%20Raju.pdf,Kerala,"Shri Alphonse; Smt. Lourdamma; Smt. Gracy
Children; Shri Krishnakumar"
"Shri V.
                                              Sivankutty",http://www.niyamasabha.org/codes/15kla/Members%20profile%20mal/sivankutty%20v.pdf,Kerala,Shri Kummanam Rajasekharan; Shri
"Shri
                                              G. Steephen",http://www.niyamasabha.org/codes/15kla/Members%20profile%20mal/stephen%20g.pdf,Kerala,Smt. Bhagavathy; Shri Ashish; Kumari Aneena; Shri
"Shri 
                                              C. K Hareendran",http://www.niyamasabha.org/codes/15kla/Members%20profile%20mal/Hareendran%20C%20K.pdf,Kerala,Smt. Sindhu; Smt. Ann Sajitha Ressel; Shri Karamana Jayan; Shri
"Shri 
                                              I. B Satheesh",http://www.niyamasabha.org/codes/15kla/Members%20profile%20mal/satheesh%20ib.pdf,Kerala,"Kumari Gowri; Shri Gautham Satheesh
Hobbies; Shri Malayinkeezhu Venugopal; Shri"
"Shri  M.
                                            Vincent",http://www.niyamasabha.org/codes/15kla/Members%20profile%20mal/vincent%20m.pdf,Kerala,Smt. Mary Subha; Shri Adithyan; Master Abhijith; Shri Neelalohithadasan Nadar; Shri Vishnupuram Chandrasekharan; Shri
"Shri.
                                              K. Ansalan",http://www.niyamasabha.org/codes/15kla/Members%20profile%20mal/Ansalan%20K.pdf,Kerala,Kumari Kavya; Master Karthik; Shri Chenkal; Shri
